{
    "Accuracy": 0.9333333333333333,
    "Recall": 0.9333333333333333,
    "Precision": 0.9416666666666667
}